{
  "test/integration/pages/JourneyRunner-dbg.js": 1760638963771,
  "ext/formatter/TrackAppFormatter.js": 1762276765071,
  "test/integration/pages/EMLACustomersObjectPage.js": 1760638963771,
  "test/integration/pages/EMLACustomersList.js": 1760638963771,
  "test/integration/opaTests.qunit.js": 1760638963770,
  "test/integration/FirstJourney.js": 1760638963770,
  "ext/fragment/OpenApp.js": 1762266963575,
  "test/integration/pages/JourneyRunner.js": 1760638963771,
  "ext/controller/IconHelpController.js": 1762276170134,
  "test/testsuite.qunit.js": 1760638963771,
  "xs-app.json": 1760638963771,
  "manifest.json": 1762277167520,
  "Component.js": 1760638963768,
  "test/integration/FirstJourney-dbg.js": 1760638963770,
  "test/integration/FirstJourney.js.map": 1762277880335,
  "test/integration/pages/EMLACustomersObjectPage-dbg.js": 1760638963771,
  "test/integration/pages/EMLACustomersObjectPage.js.map": 1762277880333,
  "test/integration/pages/EMLACustomersList-dbg.js": 1760638963771,
  "test/integration/pages/EMLACustomersList.js.map": 1762277880334,
  "test/integration/opaTests.qunit-dbg.js": 1760638963770,
  "test/integration/opaTests.qunit.js.map": 1762277880334,
  "ext/formatter/TrackAppFormatter-dbg.js": 1762276765071,
  "ext/formatter/TrackAppFormatter.js.map": 1762277880344,
  "ext/fragment/OpenApp-dbg.js": 1762266963575,
  "ext/fragment/OpenApp.js.map": 1762277880351,
  "i18n/i18n.properties": 1760638963769,
  "test/integration/pages/JourneyRunner.js.map": 1762277880336,
  "ext/controller/IconHelpController-dbg.js": 1762276170134,
  "ext/controller/IconHelpController.js.map": 1762277880341,
  "test/testsuite.qunit-dbg.js": 1760638963771,
  "test/testsuite.qunit.js.map": 1762277880338,
  "Component-dbg.js": 1760638963768,
  "Component.js.map": 1762277880339,
  "Component-preload.js": 1762277880434,
  "Component-preload.js.map": 1762277880434,
  "test/integration/opaTests.qunit.html": 1760638963770,
  "ext/fragment/OpenApp.fragment.xml": 1762276873503,
  "ext/fragment/IconHelpDialog.fragment.xml": 1762275780421,
  "test/testsuite.qunit.html": 1760638963771,
  "test/flpSandbox.html": 1760638963770,
  "css/style.css": 1762277133687,
  "index.html": 1760640870008
}