{
  "ext/fragment/OpenApp.fragment.xml": 1762268963066,
  "test/integration/opaTests.qunit.js": 1760638963770,
  "test/integration/pages/EMLACustomersObjectPage.js": 1760638963771,
  "test/integration/pages/EMLACustomersList.js": 1760638963771,
  "test/integration/pages/JourneyRunner.js": 1760638963771,
  "test/integration/FirstJourney.js": 1760638963770,
  "ext/fragment/OpenApp.js": 1762266963575,
  "ext/formatter/TrackAppFormatter.js": 1762268927091,
  "test/testsuite.qunit.js": 1760638963771,
  "xs-app.json": 1760638963771,
  "manifest.json": 1762267746058,
  "Component.js": 1760638963768,
  "ext/formatter/TrackAppFormatter-dbg.js": 1762268927091,
  "ext/formatter/TrackAppFormatter.js.map": 1762269094663,
  "test/integration/pages/EMLACustomersObjectPage-dbg.js": 1760638963771,
  "test/integration/pages/EMLACustomersObjectPage.js.map": 1762269094656,
  "test/integration/pages/EMLACustomersList-dbg.js": 1760638963771,
  "test/integration/pages/EMLACustomersList.js.map": 1762269094656,
  "test/integration/pages/JourneyRunner-dbg.js": 1760638963771,
  "test/integration/pages/JourneyRunner.js.map": 1762269094656,
  "test/integration/FirstJourney-dbg.js": 1760638963770,
  "test/integration/FirstJourney.js.map": 1762269094660,
  "ext/fragment/OpenApp-dbg.js": 1762266963575,
  "ext/fragment/OpenApp.js.map": 1762269094672,
  "test/integration/opaTests.qunit-dbg.js": 1760638963770,
  "test/integration/opaTests.qunit.js.map": 1762269094659,
  "test/testsuite.qunit-dbg.js": 1760638963771,
  "test/testsuite.qunit.js.map": 1762269094661,
  "Component-dbg.js": 1760638963768,
  "Component.js.map": 1762269094661,
  "Component-preload.js": 1762269095075,
  "Component-preload.js.map": 1762269095075,
  "test/integration/opaTests.qunit.html": 1760638963770,
  "i18n/i18n.properties": 1760638963769,
  "test/testsuite.qunit.html": 1760638963771,
  "test/flpSandbox.html": 1760638963770,
  "css/style.css": 1762205687636,
  "index.html": 1760640870008
}