{
  "manifest.json": 1758138405830,
  "Component.js": 1758066601096,
  "test/integration/pages/EMLACustomersObjectPage.js": 1758066601276,
  "test/integration/pages/EMLACustomersList.js": 1758066601276,
  "test/integration/opaTests.qunit.js": 1758066601268,
  "test/integration/FirstJourney.js": 1758066601280,
  "ext/fragment/OpenApp.js": 1758145252838,
  "test/testsuite.qunit.js": 1758066601244,
  "xs-app.json": 1758145260238,
  "i18n/i18n.properties": 1758066625808,
  "test/integration/pages/JourneyRunner.js": 1758066601292,
  "test/integration/FirstJourney-dbg.js": 1758066601280,
  "test/integration/FirstJourney.js.map": 1758145266200,
  "test/integration/pages/EMLACustomersObjectPage-dbg.js": 1758066601276,
  "test/integration/pages/EMLACustomersObjectPage.js.map": 1758145266199,
  "test/integration/pages/EMLACustomersList-dbg.js": 1758066601276,
  "test/integration/pages/EMLACustomersList.js.map": 1758145266200,
  "test/integration/opaTests.qunit-dbg.js": 1758066601268,
  "test/integration/opaTests.qunit.js.map": 1758145266199,
  "Component-dbg.js": 1758066601096,
  "Component.js.map": 1758145266200,
  "ext/fragment/OpenApp-dbg.js": 1758145252838,
  "ext/fragment/OpenApp.js.map": 1758145266205,
  "test/testsuite.qunit-dbg.js": 1758066601244,
  "test/testsuite.qunit.js.map": 1758145266203,
  "test/integration/pages/JourneyRunner-dbg.js": 1758066601292,
  "test/integration/pages/JourneyRunner.js.map": 1758145266202,
  "Component-preload.js": 1758145266277,
  "Component-preload.js.map": 1758145266277,
  "test/integration/opaTests.qunit.html": 1758066601268,
  "ext/fragment/OpenApp.fragment.xml": 1758125500168,
  "test/testsuite.qunit.html": 1758066601228,
  "test/flpSandbox.html": 1758066601228,
  "index.html": 1758066601112
}