{
  "test/integration/pages/JourneyRunner.js.map": 1762263469126,
  "test/integration/opaTests.qunit.js": 1760638963770,
  "test/integration/pages/EMLACustomersObjectPage.js": 1760638963771,
  "test/integration/pages/EMLACustomersList.js": 1760638963771,
  "test/integration/pages/JourneyRunner.js": 1760638963771,
  "test/integration/FirstJourney.js": 1760638963770,
  "ext/fragment/OpenApp.js": 1761876707622,
  "ext/formatter/TrackAppFormatter.js": 1762263380775,
  "test/testsuite.qunit.js": 1760638963771,
  "xs-app.json": 1760638963771,
  "manifest.json": 1762205518567,
  "Component.js": 1760638963768,
  "Component-dbg.js": 1760638963768,
  "Component.js.map": 1762263469126,
  "test/integration/pages/EMLACustomersObjectPage-dbg.js": 1760638963771,
  "test/integration/pages/EMLACustomersObjectPage.js.map": 1762263469126,
  "test/integration/pages/EMLACustomersList-dbg.js": 1760638963771,
  "test/integration/pages/EMLACustomersList.js.map": 1762263469126,
  "test/integration/pages/JourneyRunner-dbg.js": 1760638963771,
  "i18n/i18n.properties": 1760638963769,
  "test/integration/FirstJourney-dbg.js": 1760638963770,
  "test/integration/FirstJourney.js.map": 1762263469130,
  "ext/fragment/OpenApp-dbg.js": 1761876707622,
  "ext/fragment/OpenApp.js.map": 1762263469143,
  "ext/formatter/TrackAppFormatter-dbg.js": 1762263380775,
  "ext/formatter/TrackAppFormatter.js.map": 1762263469135,
  "test/testsuite.qunit-dbg.js": 1760638963771,
  "test/testsuite.qunit.js.map": 1762263469129,
  "test/integration/opaTests.qunit-dbg.js": 1760638963770,
  "test/integration/opaTests.qunit.js.map": 1762263469131,
  "Component-preload.js": 1762263469593,
  "Component-preload.js.map": 1762263469593,
  "test/integration/opaTests.qunit.html": 1760638963770,
  "ext/fragment/OpenApp.fragment.xml": 1762205687602,
  "test/testsuite.qunit.html": 1760638963771,
  "test/flpSandbox.html": 1760638963770,
  "css/style.css": 1762205687636,
  "index.html": 1760640870008
}