{
  "ext/formatter/TrackAppFormatter.js.map": 1762354033717,
  "test/integration/pages/JourneyRunner.js": 1760638963771,
  "test/integration/pages/EMLACustomersObjectPage.js": 1760638963771,
  "test/integration/pages/EMLACustomersList.js": 1760638963771,
  "test/integration/opaTests.qunit.js": 1760638963770,
  "test/integration/FirstJourney.js": 1760638963770,
  "ext/fragment/OpenApp.js": 1762266963575,
  "ext/formatter/TrackAppFormatter.js": 1762353985096,
  "ext/controller/SessionSyncController.js": 1762352622232,
  "ext/controller/IconHelpController.js": 1762351152158,
  "test/testsuite.qunit.js": 1760638963771,
  "xs-app.json": 1760638963771,
  "manifest.json": 1762352622232,
  "Component.js": 1762352622233,
  "test/integration/pages/EMLACustomersList-dbg.js": 1760638963771,
  "test/integration/pages/EMLACustomersList.js.map": 1762354033707,
  "test/integration/pages/EMLACustomersObjectPage-dbg.js": 1760638963771,
  "test/integration/pages/EMLACustomersObjectPage.js.map": 1762354033707,
  "test/integration/pages/JourneyRunner-dbg.js": 1760638963771,
  "test/integration/pages/JourneyRunner.js.map": 1762354033707,
  "test/integration/opaTests.qunit-dbg.js": 1760638963770,
  "test/integration/opaTests.qunit.js.map": 1762354033707,
  "test/integration/FirstJourney-dbg.js": 1760638963770,
  "test/integration/FirstJourney.js.map": 1762354033711,
  "ext/fragment/OpenApp-dbg.js": 1762266963575,
  "ext/fragment/OpenApp.js.map": 1762354033724,
  "ext/formatter/TrackAppFormatter-dbg.js": 1762353985096,
  "i18n/i18n.properties": 1760638963769,
  "ext/controller/SessionSyncController-dbg.js": 1762352622232,
  "ext/controller/SessionSyncController.js.map": 1762354033708,
  "ext/controller/IconHelpController-dbg.js": 1762351152158,
  "ext/controller/IconHelpController.js.map": 1762354033714,
  "test/testsuite.qunit-dbg.js": 1760638963771,
  "test/testsuite.qunit.js.map": 1762354033712,
  "Component-dbg.js": 1762352622233,
  "Component.js.map": 1762354033714,
  "Component-preload.js": 1762354033818,
  "Component-preload.js.map": 1762354033818,
  "test/integration/opaTests.qunit.html": 1760638963770,
  "ext/fragment/OpenApp.fragment.xml": 1762353476153,
  "ext/fragment/IconHelpDialog.fragment.xml": 1762275780421,
  "test/testsuite.qunit.html": 1760638963771,
  "test/flpSandbox.html": 1760638963770,
  "css/style.css": 1762352622232,
  "index.html": 1760640870008
}