{
  "test/integration/pages/JourneyRunner-dbg.js": 1760638963771,
  "test/integration/pages/EMLACustomersObjectPage.js": 1760638963771,
  "test/integration/pages/JourneyRunner.js": 1760638963771,
  "test/integration/pages/EMLACustomersList.js": 1760638963771,
  "test/integration/opaTests.qunit.js": 1760638963770,
  "test/integration/FirstJourney.js": 1760638963770,
  "ext/fragment/OpenApp.js": 1760638963768,
  "test/testsuite.qunit.js": 1760638963771,
  "xs-app.json": 1760638963771,
  "manifest.json": 1760664223973,
  "Component.js": 1760638963768,
  "test/integration/opaTests.qunit-dbg.js": 1760638963770,
  "test/integration/opaTests.qunit.js.map": 1760721043690,
  "i18n/i18n.properties": 1760638963769,
  "test/integration/pages/JourneyRunner.js.map": 1760721043690,
  "test/integration/pages/EMLACustomersList-dbg.js": 1760638963771,
  "test/integration/pages/EMLACustomersList.js.map": 1760721043690,
  "test/integration/pages/EMLACustomersObjectPage-dbg.js": 1760638963771,
  "test/integration/pages/EMLACustomersObjectPage.js.map": 1760721043690,
  "test/integration/FirstJourney-dbg.js": 1760638963770,
  "test/integration/FirstJourney.js.map": 1760721043693,
  "ext/fragment/OpenApp-dbg.js": 1760638963768,
  "ext/fragment/OpenApp.js.map": 1760721043697,
  "test/testsuite.qunit-dbg.js": 1760638963771,
  "test/testsuite.qunit.js.map": 1760721043692,
  "Component-dbg.js": 1760638963768,
  "Component.js.map": 1760721043692,
  "Component-preload.js": 1760721044095,
  "Component-preload.js.map": 1760721044095,
  "test/integration/opaTests.qunit.html": 1760638963770,
  "ext/fragment/OpenApp.fragment.xml": 1760638963768,
  "test/testsuite.qunit.html": 1760638963771,
  "test/flpSandbox.html": 1760638963770,
  "index.html": 1760640870008
}