<mvc:View xmlns:core="sap.ui.core" xmlns:mvc="sap.ui.core.mvc" xmlns="sap.m" xmlns:macros="sap.fe.macros"
    xmlns:html="http://www.w3.org/1999/xhtml" xmlns:u="sap.ui.unified" controllerName="emlatracker.csvupload.ext.main.Main">
    <Page id="Main" title="EMLA CSV Upload">
        <content>
            <VBox id="mainContainer" class="sapUiMediumMargin">
                <Panel id="uploadPanel" headerText="CSV Upload for EMLA Customers" class="sapUiResponsiveMargin" width="auto">
                    <content>
                        <VBox id="contentContainer" class="sapUiMediumMargin">
                            <MessageStrip id="messageStrip" visible="false" class="sapUiMediumMarginBottom"/>
                            
                            <Label id="fileLabel" text="Select CSV File:" class="sapUiTinyMarginBottom"/>
                            <u:FileUploader id="fileUploader" 
                                name="csvFile" 
                                uploadUrl="" 
                                tooltip="Upload CSV file"
                                fileType="csv,txt" 
                                maximumFileSize="10"
                                placeholder="Choose CSV file..." 
                                change="onFileChange"
                                class="sapUiMediumMarginBottom"/>
                            
                            <VBox id="optionsContainer" class="sapUiTinyMarginTop">
                                <Label id="configLabel" text="CSV Configuration:" class="sapUiTinyMarginBottom"/>
                                
                                <HBox id="csvTypeContainer" class="sapUiTinyMarginBottom">
                                    <Label id="csvTypeLabel" text="CSV Type:" class="sapUiTinyMarginEnd" required="true"/>
                                    <RadioButtonGroup id="csvTypeRadio" select="onCsvTypeChange">
                                        <RadioButton id="rbIntegration" text="Integration Suite" />
                                        <RadioButton id="rbPublic" text="Public ERP" />
                                    </RadioButtonGroup>
                                </HBox>
                                
                                <HBox id="delimiterContainer" class="sapUiTinyMarginBottom">
                                    <Label id="delimiterLabel" text="Delimiter:" class="sapUiTinyMarginEnd"/>
                                    <Select id="delimiterSelect" selectedKey="," width="100px">
                                        <core:Item id="delimiterComma" key="," text="Comma (,)"/>
                                        <core:Item id="delimiterSemicolon" key=";" text="Semicolon (;)"/>
                                        <core:Item id="delimiterPipe" key="|" text="Pipe (|)"/>
                                        <core:Item id="delimiterTab" key="tab" text="Tab"/>
                                    </Select>
                                </HBox>
                                
                                <CheckBox id="hasHeaderCheckBox" text="File has header row" selected="true"/>
                            </VBox>
                            
                            <HBox id="buttonContainer" class="sapUiMediumMarginTop">
                                <Button id="uploadButton" 
                                    text="Upload CSV" 
                                    type="Emphasized" 
                                    press="onUploadPress" 
                                    enabled="false"
                                    class="sapUiTinyMarginEnd"/>
                                <Button id="clearButton" text="Clear" press="onClearPress" type="Default"/>
                            </HBox>
                            
                            <VBox id="formatContainer" class="sapUiMediumMarginTop">
                                <Label id="formatLabel" text="CSV Format Information:" class="sapUiTinyMarginBottom"/>
                                
                                <FormattedText id="formatText" htmlText="&lt;strong&gt;Integration Suite CSV:&lt;/strong&gt;&lt;br/&gt;
                                Required: customerName, customerNumber, emlaType, region, country&lt;br/&gt;
                                Optional: startDate, erpOnbAdvNome, btpOnbAdvNome, btpOnbAdvEmail&lt;br/&gt;&lt;br/&gt;
                                &lt;strong&gt;Public ERP CSV:&lt;/strong&gt;&lt;br/&gt;
                                Required: customerName, customerNumber, emlaType&lt;br/&gt;
                                Optional: region, country, startDate, erpOnbAdvNome, btpOnbAdvNome, btpOnbAdvEmail&lt;br/&gt;&lt;br/&gt;
                                &lt;strong&gt;Date format:&lt;/strong&gt; YYYY-MM-DD&lt;br/&gt;
                                &lt;strong&gt;File formats:&lt;/strong&gt; .csv, .txt&lt;br/&gt;
                                &lt;strong&gt;Delimiters:&lt;/strong&gt; Comma, Semicolon, Pipe, Tab"/>
                                
                                <VBox id="sampleContainer" class="sapUiTinyMarginTop">
                                    <Label id="sampleLabel" text="Sample CSV (Integration Suite):" class="sapUiTinyMarginBottom" design="Bold"/>
                                    <Text id="sampleHeader" text='customerName,customerNumber,emlaType,region,country,startDate,erpOnbAdvNome,btpOnbAdvNome,btpOnbAdvEmail' 
                                          class="sapUiTinyText"/>
                                    <Text id="sampleData" text='"SAP Brazil","12345","Rise with SAP","LATAM","Brazil","2024-01-15","John Silva","Maria Santos","maria.santos@sap.com"' 
                                          class="sapUiTinyText"/>
                                </VBox>
                            </VBox>
                        </VBox>
                    </content>
                </Panel>
            </VBox>
        </content>
    </Page>
</mvc:View>