{
  "test/testsuite.qunit.html": 1760638963756,
  "i18n/i18n_en_US.properties": 1760640543210,
  "i18n/i18n.properties": 1760639557346,
  "Component-preload.js": 1762269104707,
  "test/integration/pages/EMLACustomersMain.js": 1760638963755,
  "test/integration/opaTests.qunit.js": 1760638963755,
  "test/integration/FirstJourney.js": 1760638963754,
  "ext/main/Main.controller.js": 1761761515318,
  "test/testsuite.qunit.js": 1760638963756,
  "xs-app.json": 1760660508847,
  "manifest.json": 1761762046351,
  "Component.js": 1760641125003,
  "test/integration/pages/JourneyRunner.js": 1760638963755,
  "test/integration/pages/EMLACustomersMain-dbg.js": 1760638963755,
  "test/integration/pages/EMLACustomersMain.js.map": 1762269103198,
  "Component-preload-dbg.js": 1760640742759,
  "Component-preload.js.map": 1762269104707,
  "test/integration/opaTests.qunit-dbg.js": 1760638963755,
  "test/integration/opaTests.qunit.js.map": 1762269103199,
  "test/integration/FirstJourney-dbg.js": 1760638963754,
  "test/integration/FirstJourney.js.map": 1762269103199,
  "ext/main/Main-dbg.controller.js": 1761761515318,
  "ext/main/Main.controller.js.map": 1762269103224,
  "test/testsuite.qunit-dbg.js": 1760638963756,
  "test/testsuite.qunit.js.map": 1762269103201,
  "Component-dbg.js": 1760641125003,
  "Component.js.map": 1762269103203,
  "test/integration/pages/JourneyRunner-dbg.js": 1760638963755,
  "test/integration/pages/JourneyRunner.js.map": 1762269103202,
  "test/integration/opaTests.qunit.html": 1760638963755,
  "ext/main/Main.view.xml": 1760641712638,
  "i18n/i18n_en.properties": 1760640543140,
  "test/flpSandbox.html": 1760638963754,
  "index.html": 1760642038502
}